id;title;description;image;image_content_type;taken
1;Yuan Renminbi Centers;../data/blob/hipster.txt;../data/blob/hipster.png;image/png;2019-06-24T16:31:04
2;Usability South Dakota envisioneer;../data/blob/hipster.txt;../data/blob/hipster.png;image/png;2019-06-24T16:27:11
3;Public-key;../data/blob/hipster.txt;../data/blob/hipster.png;image/png;2019-06-24T11:03:06
4;Bahamian Dollar Investment Account;../data/blob/hipster.txt;../data/blob/hipster.png;image/png;2019-06-23T20:50:23
5;Salad;../data/blob/hipster.txt;../data/blob/hipster.png;image/png;2019-06-24T07:27:03
6;Tuna;../data/blob/hipster.txt;../data/blob/hipster.png;image/png;2019-06-23T22:42:28
7;convergence;../data/blob/hipster.txt;../data/blob/hipster.png;image/png;2019-06-24T11:50:44
8;Georgia Industrial;../data/blob/hipster.txt;../data/blob/hipster.png;image/png;2019-06-23T20:37:18
9;Views e-enable Communications;../data/blob/hipster.txt;../data/blob/hipster.png;image/png;2019-06-23T23:22:55
10;archive Georgia Aruba;../data/blob/hipster.txt;../data/blob/hipster.png;image/png;2019-06-23T17:46:06
